ID,,
1_4340906,,
1_21643786,,
1_21644259,,
1_29635370,,
1_29636021,,
1_29636817,,
1_34859494,,
1_34860010,,
1_34860089,,
1_34860106,,
1_34860109,,
1_36351233,,
1_36351234,,
1_36351551,,
1_36355847,,
1_40358884,,
1_40364205,,
1_40364880,,
1_40366297,,
1_41828031,,
2_2876745,,
2_2877271,,
2_2877654,,
2_2878228,,
2_2878229,,
2_2878570,,
2_2880308,,
2_2882445,,
2_2882543,,
2_2882544,,
2_2882724,,
2_2882908,,
2_2883304,,
2_2883374,,
2_2883449,,
2_2883853,,
2_2884044,,
2_2884078,,
2_2884353,,
2_2884477,,
2_2884503,,
2_2884516,,
2_2884660,,
2_2884697,,
2_2884806,,
2_2884859,,
2_2884896,,
2_2884908,,
2_2884932,,
2_2884981,,
2_2885014,,
2_2885054,,
2_2885061,,
2_2885103,,
2_2885159,,
2_10994868,,
2_10995452,,
2_10996565,,
2_10997218,,
2_10998558,,
2_10998940,,
2_10999489,,
2_19570611,,
2_20901947,,
2_23990146,,
2_23990341,,
2_23990717,,
2_23991167,,
2_23991498,,
2_23991565,,
2_23991584,,
2_23992049,,
2_23992295,,
3_1270331,,
3_1270417,,
3_1270709,,
3_1272146,,
3_1274837,,
3_1274841,,
3_1274898,,
3_1275027,,
3_1275122,,
3_1275144,,
3_1275151,,
3_1275175,,
3_1275217,,
3_1275280,,
3_1275298,,
3_1275318,,
3_1275319,,
3_1275334,,
3_1275518,,
3_1275619,,
3_1276141,,
3_1276357,,
3_1276518,,
3_1276734,,
3_1276736,,
3_1276817,,
3_1276844,,
3_1276883,,
3_1277136,,
3_1277690,,
3_1277724,,
3_1277728,,
3_1277817,,
3_1277956,,
3_1278045,,
3_1278789,,
3_1278936,,
3_1278952,,
3_1278988,,
3_1279142,,
3_1279256,,
3_1279345,,
3_1279955,,
3_1280209,,
3_1280317,,
3_1280587,,
3_1280620,,
3_1280621,,
3_1280627,,
3_1280673,,
3_1280713,,
3_1280741,,
3_1280745,,
3_1280786,,
3_1280788,,
3_1280789,,
3_1280812,,
3_1280990,,
3_1281517,,
3_1281578,,
3_1281582,,
3_1281591,,
3_1281599,,
3_1281600,,
3_1281604,,
3_1281605,,
3_1281618,,
3_1281684,,
3_1281905,,
3_1282029,,
3_1282050,,
3_1282209,,
3_1282246,,
3_1282299,,
3_1282300,,
3_1282695,,
3_1282746,,
3_1282753,,
3_1282755,,
3_1282761,,
3_1282841,,
3_1283036,,
3_1283193,,
3_1283500,,
3_1283545,,
3_1283709,,
3_1283735,,
3_1283742,,
3_1283805,,
3_1284015,,
3_1284016,,
3_1284020,,
3_1284105,,
3_1284251,,
3_1284274,,
3_1284302,,
3_1284323,,
3_1284572,,
3_1284832,,
3_1284845,,
3_1284864,,
3_1285031,,
3_1285079,,
3_1285436,,
3_1285455,,
3_1285512,,
3_1285563,,
3_1285724,,
3_1285732,,
3_1285829,,
3_1285873,,
3_1286119,,
3_1286390,,
3_1286795,,
3_1286920,,
3_1287119,,
3_1287219,,
3_1287281,,
3_1287543,,
3_1287623,,
3_1287721,,
3_1287843,,
3_1287872,,
3_1287888,,
3_1287957,,
3_1288360,,
3_1288407,,
3_1288501,,
3_1288504,,
3_1288614,,
3_1288670,,
3_1288880,,
3_1288916,,
3_1288980,,
3_1289259,,
3_1289489,,
3_1289785,,
3_1289813,,
3_1289954,,
3_1290231,,
3_1290277,,
3_1290583,,
3_1290622,,
3_1290947,,
3_1290976,,
3_1290987,,
3_1291180,,
3_1291189,,
3_1291568,,
3_1291639,,
3_1291651,,
3_1291724,,
3_1291729,,
3_1291808,,
3_1291810,,
3_1291938,,
3_1291965,,
3_1291966,,
3_1291981,,
3_1292063,,
3_1292163,,
3_1292252,,
3_1292281,,
3_1292315,,
3_1292427,,
3_1292556,,
3_1292841,,
3_1292843,,
3_1293050,,
3_1293089,,
3_1293092,,
3_1293155,,
3_1293432,,
3_1293590,,
3_1293880,,
3_1293883,,
3_1293885,,
3_1293908,,
3_1294031,,
3_1294076,,
3_1294489,,
3_1294521,,
3_1294645,,
3_1294758,,
3_1294865,,
3_1295128,,
3_1295145,,
3_1295326,,
3_1295336,,
3_1296037,,
3_1296209,,
3_1296227,,
3_1296231,,
3_1296249,,
3_1296540,,
3_1296786,,
3_1296879,,
3_1297277,,
3_1297384,,
3_1297681,,
3_1297862,,
3_1297901,,
3_1297998,,
3_1298125,,
3_1298618,,
3_1298813,,
3_1298829,,
3_1298855,,
3_1298883,,
3_1298931,,
3_1298956,,
3_1298988,,
3_1298991,,
3_1299022,,
3_1299039,,
3_1299138,,
3_1299527,,
3_1299562,,
3_1299595,,
3_1299753,,
3_1299760,,
3_1300126,,
3_1300143,,
3_1300188,,
3_1300243,,
3_1300254,,
3_1300265,,
3_1300335,,
3_1300479,,
3_1300499,,
3_1300500,,
3_1301054,,
3_1301058,,
3_1301064,,
3_1301068,,
3_1301084,,
3_1301090,,
3_1301095,,
3_1301097,,
3_1301107,,
3_1301168,,
3_1301175,,
3_1301190,,
3_1301238,,
3_1301252,,
3_1301283,,
3_1301290,,
3_1301325,,
3_1301517,,
3_1301571,,
3_1301592,,
3_1301605,,
3_1301804,,
3_1301812,,
3_1301827,,
3_1301865,,
3_1301870,,
3_1301922,,
3_1301943,,
3_1302149,,
3_1302392,,
3_1302420,,
3_1302457,,
3_1302470,,
3_1302479,,
3_1302481,,
3_1302488,,
3_1302513,,
3_1302514,,
3_1302552,,
3_1302560,,
3_1302561,,
3_1302563,,
3_1302587,,
3_1302635,,
3_1302688,,
3_1302714,,
3_1302742,,
3_1302744,,
3_1302753,,
3_1302755,,
3_1302759,,
3_1302849,,
3_1302931,,
3_11018866,,
3_11018901,,
3_11019519,,
3_11022317,,
3_31003125,,
3_31004115,,
3_31006663,,
3_31510021,,
3_31512460,,
3_31514122,,
3_31516426,,
3_32998651,,
3_32998680,,
3_32999428,,
3_33002789,,
4_4541156,,
4_4541347,,
4_4541420,,
4_4541427,,
4_4541608,,
4_4541717,,
4_4541758,,
4_4541793,,
4_4541876,,
4_4542305,,
4_4542317,,
4_4542333,,
4_4542449,,
4_4542489,,
4_4542686,,
4_4542764,,
4_4542785,,
4_4542824,,
4_4542826,,
4_4542858,,
4_4542887,,
4_4542894,,
4_4543011,,
4_4543036,,
4_4543049,,
4_4543078,,
4_4543179,,
4_4543223,,
4_4543352,,
4_21256601,,
4_21256769,,
4_21262483,,
4_22026646,,
4_22027668,,
4_22027676,,
4_22546914,,
4_22546922,,
4_22547000,,
4_22547003,,
4_22547010,,
4_22547016,,
4_22547077,,
4_22547219,,
4_22547350,,
4_22547375,,
4_22547383,,
4_22547387,,
4_22547755,,
4_22547929,,
4_22548162,,
4_22548347,,
4_22548425,,
4_22549355,,
4_22549405,,
4_22549504,,
4_22554441,,
4_22554870,,
4_22555090,,
4_22555176,,
4_22555395,,
4_22555491,,
4_22555607,,
4_22555614,,
4_22555639,,
4_22555652,,
4_22555661,,
4_22555726,,
4_22555916,,
4_22556207,,
4_22556286,,
4_22556288,,
4_22556330,,
4_22556363,,
4_22556396,,
4_22556484,,
4_22556507,,
4_22556508,,
4_22556734,,
4_22556843,,
4_22557364,,
4_22557365,,
4_22557366,,
4_30185579,,
4_30185600,,
4_30185654,,
4_30185696,,
4_30185702,,
4_30186938,,
4_30187234,,
4_30187319,,
4_30187382,,
4_30187636,,
4_30188252,,
4_30188392,,
5_26880164,,
5_26880748,,
6_2235191,,
6_2927795,,
6_2928776,,
6_2929493,,
6_2942192,,
6_2942201,,
6_5055259,,
6_9335939,,
6_9336005,,
6_9336243,,
6_9336264,,
6_9336439,,
6_9336448,,
6_9336850,,
6_9336985,,
6_9337009,,
6_9337236,,
6_9337341,,
6_9338068,,
6_9338330,,
6_9350866,,
6_9350914,,
6_9350915,,
6_9350951,,
6_9351223,,
6_9351226,,
6_9351230,,
6_9351258,,
6_9351263,,
6_9351368,,
6_9351522,,
6_9351535,,
6_9351882,,
6_9352135,,
6_9352211,,
6_9352258,,
6_9352429,,
6_9352722,,
6_9352817,,
6_9352865,,
6_9352893,,
6_9352918,,
6_9352959,,
6_9353004,,
6_9353015,,
6_9353066,,
6_9353105,,
6_9353217,,
6_9353314,,
6_9353354,,
6_9353370,,
6_9353418,,
6_9353452,,
6_9353458,,
6_9353467,,
6_9353470,,
6_9353499,,
6_9353602,,
6_9354533,,
6_9355564,,
6_9357118,,
6_9357155,,
6_9357156,,
6_9357300,,
6_9357456,,
6_9357516,,
6_9357730,,
6_23860656,,
6_24557073,,
6_24558526,,
6_24559233,,
6_24559448,,
6_24559450,,
6_24559582,,
6_24559671,,
6_24559779,,
6_24559783,,
6_24560223,,
6_24560232,,
6_24560264,,
6_24560301,,
6_24560362,,
6_24560377,,
6_24560849,,
6_27632618,,
7_471920,,
7_478543,,
7_478547,,
7_478549,,
7_478555,,
7_478559,,
7_479000,,
7_479698,,
7_479706,,
7_9154664,,
7_9156042,,
7_9156348,,
7_9157527,,
7_9157601,,
7_9157988,,
7_9158172,,
7_29617569,,
7_29623803,,
7_29628500,,
8_274129,,
8_2388554,,
8_4332733,,
8_4334128,,
8_4337846,,
8_4338006,,
8_20812927,,
8_20816215,,
8_20816216,,
8_23943574,,
8_23946956,,
9_2603114,,
9_2617392,,
9_7925665,,
9_7933242,,
9_7933344,,
9_7934936,,
9_7935135,,
9_7938075,,
9_7938242,,
9_7938289,,
9_7938340,,
9_7938384,,
9_7938586,,
9_7938650,,
9_7938979,,
9_7938999,,
9_7939145,,
9_7939155,,
9_7939200,,
9_7939227,,
9_7939246,,
9_7939313,,
9_7939344,,
9_7939411,,
9_7939415,,
9_7939632,,
9_7939635,,
9_7939641,,
9_7939726,,
9_7940019,,
9_7940159,,
9_7940216,,
9_7940242,,
9_7940353,,
9_7940551,,
9_7940600,,
9_7940624,,
9_7940684,,
9_7940697,,
9_7940967,,
9_7941016,,
10_14739998,,
10_17077589,,
10_17081645,,
10_20868023,,
10_20874202,,
11_2456157,,
11_4432755,,
11_4432757,,
11_4432761,,
11_4432764,,
11_4432774,,
11_4432782,,
11_4432786,,
11_4433065,,
11_4433072,,
11_4433075,,
11_4433077,,
11_4433083,,
11_4433084,,
11_4433087,,
11_4433090,,
11_4433136,,
11_4433156,,
11_4433184,,
11_4433209,,
11_4433263,,
11_4433270,,
11_4433464,,
11_4433571,,
11_4433652,,
11_4433696,,
11_4433772,,
11_4434072,,
11_4436412,,
11_4436541,,
11_4436544,,
11_4436547,,
11_4436557,,
11_4436743,,
11_4436839,,
11_4436883,,
11_4436959,,
11_4436961,,
11_4437006,,
11_4437055,,
11_4437079,,
11_20179680,,
11_20179798,,
11_20180895,,
11_20180988,,
11_20181012,,
11_20181019,,
11_20181049,,
11_20181061,,
11_20181141,,
11_20181149,,
11_20181375,,
11_20181406,,
11_20182511,,
11_20182512,,
11_20182527,,
11_20182530,,
11_20182596,,
11_20182626,,
11_20182639,,
11_20182667,,
11_20182670,,
11_20182744,,
11_20182756,,
11_20182774,,
11_20182777,,
11_20182852,,
11_20182918,,
11_20182996,,
11_20183011,,
11_20183080,,
11_20183137,,
11_20183302,,
11_20183329,,
11_20183341,,
11_20183374,,
11_20183509,,
11_20183548,,
11_20183569,,
11_20183647,,
11_20183724,,
11_20183746,,
11_20183782,,
11_20183919,,
11_20184591,,
11_20184600,,
11_20184601,,
11_20184617,,
11_20184618,,
11_20184715,,
11_20184802,,
11_20184895,,
11_20184914,,
11_20185125,,
11_20185152,,
11_20185189,,
11_20185209,,
11_20185242,,
11_20185245,,
11_20185260,,
11_20185352,,
11_20185375,,
11_20185625,,
11_20185845,,
11_20185904,,
11_20186083,,
11_20186231,,
11_20186974,,
11_20187034,,
11_20187057,,
11_20187064,,
11_20187070,,
11_20187127,,
11_20187208,,
11_20187211,,
11_20187297,,
11_20187359,,
11_20187508,,
11_20187776,,
11_20187778,,
11_20187779,,
11_20187816,,
11_20187823,,
11_20187844,,
11_20187861,,
11_20187887,,
11_20187919,,
11_20188109,,
11_20188132,,
11_20188156,,
11_20188193,,
11_20188470,,
11_20189015,,
11_20189151,,
11_20189158,,
11_20189162,,
11_20189228,,
11_20189276,,
11_20189399,,
11_20189443,,
11_20189486,,
11_20189503,,
11_20189535,,
11_20189579,,
11_20189641,,
11_20189666,,
11_20189814,,
11_20189825,,
11_20189840,,
11_20189905,,
11_20189960,,
11_20189967,,
11_20190008,,
11_20190156,,
11_20190160,,
11_20190161,,
11_20190166,,
11_20190206,,
11_28899078,,
11_28899095,,
11_28899102,,
11_28899114,,
11_28899171,,
11_28899174,,
11_28899213,,
11_28899292,,
11_28899306,,
11_28899327,,
11_28899332,,
11_28899352,,
11_28899457,,
11_28899474,,
11_28899481,,
11_28899537,,
11_28899539,,
11_28899599,,
11_28899619,,
11_28899657,,
11_28899685,,
11_28900124,,
11_28900421,,
11_28900481,,
11_28900606,,
12_21214650,,
12_21214651,,
12_21215980,,
12_21216135,,
12_21217069,,
_,,
_,,
_,,
_,,
_,,
_,,
_,,
_,,
_,,
_,,
_,,
_,,
_,,
_,,
_,,
_,,
_,,
_,,
_,,
_,,
_,,
_,,
_,,
_,,
_,,
_,,
_,,
_,,
_,,
_,,
_,,
_,,
_,,
_,,
_,,
_,,
_,,
_,,
_,,
_,,
_,,
_,,
_,,
_,,
_,,
_,,
_,,
_,,
_,,
_,,
_,,
_,,
_,,
_,,
_,,
_,,
_,,
_,,